﻿{
  "Search": "/api/v3/projects/{projectId}/search",
  "IsSessionRequired": "true",
  "IsLogoutRequired": "true",
  "XSRFToken": "XSRF-TOKEN",
  "LWSSOcookieToken": "LWSSO_COOKIE_KEY",
  "AlmUserCookie": "ALM_USER",
  "QCSessionCookie": "QCSession",
  "Login": "/qcbin/authentication-point/authenticate",
  "Logout": "/qcbin/authentication-point/logout",
  "LockEntity": "/qcbin/rest/domains/{domain}/projects/{project}/{Entity Type}/{Entity ID}/lock",
  "EntityCollection": "/qcbin/rest/domains/{domain}/projects/{project}/{Entity Type}s",
  "Defects": "/qcbin/rest/domains/{domain}/projects/{project}/defects",
  "Entity": "/qcbin/rest/domains/{domain}/projects/{project}/{Entity Type}/{Entity ID}",
  "IsAuthenticated": "/qcbin/rest/is-authenticated",
  "SessionAddress": "/qcbin/rest/site-session",
  "Fields": "/api/v3/projects/{projectId}/settings/{objectType}/fields",
  "FieldValuesAbove115": "/qcbin/rest/domains/{domain}/projects/{project}/customization/used-lists",
  "FieldValuesBelow115": "/qcbin/rest/domains/{domain}/projects/{project}/customization/lists",
  "Runs": "/api/v3/projects/{projectId}/test-runs",
  "RunSteps": "/qcbin/rest/domains/{domain}/projects/{project}/runs/{run id}/run-steps",
  "DesignSteps": "/qcbin/rest/domains/{domain}/projects/{project}/design-steps",
  "TestParameters": "/qcbin/rest/domains/{domain}/projects/{project}/tests/{test id}/test-parameters",
  "TestFolders": "/api/v3/projects/{projectId}/modules",
  "TestSetFolder": "/qcbin/rest/domains/{domain}/projects/{project}/test-set-folders",
  "TestSet": "/qcbin/rest/domains/{domain}/projects/{project}/test-sets",
  "TestInstance": "/qcbin/rest/domains/{domain}/projects/{project}/test-instances",
  "Requirements": "/api/v3/projects/{projectId}/requirements",
  "RequirementsCoverage": "/qcbin/rest/domains/{domain}/projects/{project}/requirement-coverages",
  "StepParameter": "/qcbin/rest/domains/{domain}/projects/{project}/design-steps/{design step id}/step-parameters",
  "TestInstanceParameters": "/qcbin/rest/domains/{domain}/projects/{project}/test-instances/{test instance id}/step-parameters",
  "DefectsLink": "/qcbin/rest/domains/{domain}/projects/{project}/defect-links",
  "Domains": "/qcbin/rest/domains/",
  "Projects": "/api/v3/projects/",
  "List": "",
  "Users": "/api/v3/projects/{projectId}/users",
  "AuditLog": "/qcbin/rest/domains/{domain}/projects/{project}/audits?query={parent-type[{entity}];parent-id[{entity id}]}",
  "Attachments": "/qcbin/rest/domains/{domain}/projects/{project}/{entity collection}/{Entity ID}/attachments",
  "idpEndPoint": "https://entidpext.cable.comcast.com/idp/sts.wst?TokenProcessorId=username",
  "idpAppliesTo": "https://pfast01p.saas.hpe.com",
  "spEndPoint": "https://pfast01p.saas.hpe.com/sp/sts.wst",
  "isSSO": "false",
  "ParamsAuthUrl": "https://parameters.qtestnet.com/#/parameters"
}
